FISCAL_YEAR,MENU_NUM,MENU_ITEM,ENERGY_CONSUMPTION_CATEGORY,CORRECTION_CATEGORY_USAGE,CORRECTION_CATEGORY_RANGE,BASE_ENERGY_CONSUMPTION_RATE,CREATION_DATETIME,CREATOR
,1,自然採光を利用したシステムの導入,照明,他,,0.04,,
,2,自然通風を利用したシステムの導入,熱負荷,他,,0.033,,
,3,再生可能エネルギー・未利用エネルギーシステムの導入,全般,他,,0.007,,
,4,太陽熱を利用したシステムの導入,熱負荷,他,,0.001,,
,5,年間を通して安定した地中温度を利用したシステムの導入,熱負荷,他,,0.002,,
,6,高性能な建物外皮の導入,外皮,他,,0.68,,
,7,風除室、回転扉等による隙間風対策の導入,外皮,他,,0.04,,
,8,屋上緑化の導入,外皮,他,,0.02,,
,9,ブラインドの日射制御及びｽｹｼﾞｭｰﾙ制御の導入,外皮,他,,0.008,,
,10,壁面緑化の導入,外皮,他,,0.015,,
,11,高効率熱源機器の導入,熱源本体,空調,熱源,0.282,,
,12,高効率冷却塔の導入,熱源補機,空調,冷却塔,0.097,,
,13,高効率空調用ポンプの導入,熱源補機,空調,熱源,0.143,,
,14,蒸気ボイラーのエコノマイザーの導入,熱源本体,空調,蒸気ボイラー,0.013,,
,15,大温度差送水システムの導入,水搬送,空調,熱源,0.24,,
,16,水搬送経路の密閉化,水搬送,空調,熱源,0.16,,
,17,蒸気弁・フランジ部の断熱,熱源本体,空調,熱源,0.007,,
,18,熱源の台数制御の導入,熱源本体,空調,熱源,0.015,,
,19,冷却塔ファン等の台数制御又は発停制御の導入,熱源補機,空調,冷却塔,0.03,,
,20,空調2次ポンプ変流量制御の導入,水搬送,空調,熱源,0.18,,
,21,空調2次ポンプの適正容量分割又は小容量ポンプの導入,水搬送,空調,熱源,0.11,,
,22,熱源機器出口設定温度の遠方制御の導入,熱源本体,空調,熱源,0.006,,
,23,空調1次ポンプ変流量制御の導入,熱源本体,空調,熱源,0.088,,
,24,冷却水ポンプ変流量制御の導入,熱源補機,空調,冷却塔,0.1,,
,25,空調2次ポンプの末端差圧制御の導入,水搬送,空調,熱源,0.1,,
,26,熱交換器の断熱,熱源本体,空調,熱源,0.007,,
,27,蓄熱システムの導入,熱源本体,空調,,0.05,,
,28,高効率コージェネレーションの導入,熱源本体,空調,,0.05,,
,29,冷却塔ファンインバータ制御の導入,熱源補機,空調,冷却塔,0.03,,
,30,フリークーリングシステムの導入,熱負荷,空調,,0.006,,
,31,潜熱利用搬送システムの導入,水搬送,空調,熱源,0.15,,
,32,配管摩擦低減剤（DR剤）の導入,水搬送,空調,熱源,0.15,,
,33,中温冷水利用システムの導入,熱源本体,空調,熱源,0.02,,
,34,統合熱源制御システムの導入,熱源本体,空調,熱源,0.04,,
,35,空調2次ポンプの送水圧力設定制御の導入,水搬送,空調,熱源,0.05,,
,36,エネルギーの面的利用の導入,熱源本体,空調,熱源,0.02,,
,37,高効率空調機の導入,空気搬送,空調,空調機,0.165,,
,38,高効率パッケージ形空調機の導入,熱負荷,空調,パッケージ,0.3,,
,39,高効率ファンの導入,換気,換気,,0.12,,
,40,ウォーミングアップ時の外気遮断制御の導入,外気,空調,,0.06,,
,41,エレベーター機械室の温度制御の導入,換気,換気,,0.016,,
,42,電気室の温度制御の導入,換気,換気,,0.048,,
,43,電算室の冷気と暖気が混合しない設備の導入,熱負荷,空調,情報通信,0.03,,
,44,空調機の変風量システムの導入,空気搬送,空調,空調機,0.26,,
,45,大空間の居住域空調又は局所空調システムの導入,熱負荷,空調,,0.01,,
,46,空調機の気化式加湿器の導入,外気,空調,,0.03,,
,47,空調温度制御の不感帯の設定,熱負荷,空調,空調機,0.02,,
,48,外気冷房システムの導入,熱負荷,空調,空調機,0.031,,
,49,CO2濃度による外気量制御の導入,外気,空調,,0.189,,
,50,ファンコイルユニットの比例制御の導入,水搬送,空調,ファンコイル,0.4,,
,51,空調のセキュリティー連動制御の導入,熱負荷,空調,事務室・教室等,0.01,,
,52,空調の最適起動制御の導入,熱負荷,空調,,0.01,,
,53,非使用室の空調発停制御の導入,熱負荷,空調,,0.005,,
,54,駐車場ファンのCO又はCO2濃度制御の導入,換気,換気,駐車場,0.2,,
,55,熱源機械室ファンの燃焼機器等連動停止制御の導入,換気,換気,,0.01,,
,56,全熱交換器の導入,外気,空調,,0.18,,
,57,大温度差送風空調システムの導入,空気搬送,空調,空調機,0.048,,
,58,床吹出空調システムの導入,空気搬送,空調,事務室,0.11,,
,59,放射冷暖房空調システムの導入,熱負荷,空調,,0.051,,
,60,冷却除湿再熱方式以外の除湿システムの導入,熱負荷,空調,,0.007,,
,61,潜熱・顕熱分離方式省エネ空調システムの導入,熱源本体,空調,,0.032,,
,62,デシカント空調システムの導入,外気,空調,空調機,0.12,,
,63,ハイブリッド空調システムの導入,熱負荷,空調,空調機,0.022,,
,64,置換換気システムの導入,換気,換気,,0.08,,
,65,電算室の局所冷房設備の導入,熱負荷,空調,情報通信,0.03,,
,66,高効率厨房換気システムの導入,熱負荷,空調,厨房,0.01,,
,67,空調機の間欠運転制御の導入,空気搬送,空調,空調機,0.1,,
,68,厨房外調機・ファンの風量モード切換制御の導入,熱負荷,空調,厨房,0.076,,
,69,厨房外調機の換気モード切換制御の導入,熱負荷,空調,厨房,0.2,,
,70,人感センサーによる換気制御の導入,換気,空調,,0.016,,
,71,ファンの手動調整用インバータの導入,空気搬送,空調,,0.2,,
,72,気流感創出ファン・サーキュレーションファンの導入,熱負荷,空調,,0.01,,
,73,高効率照明器具の導入,照明,他,,0.188,,
,74,高輝度型誘導灯・蓄光型誘導灯の導入,照明,他,,0.018,,
,75,照明の初期照度補正制御の導入,照明,他,事務室・教室等,0.105,,
,76,照明のゾーニング制御の導入,照明,他,,0.05,,
,77,高効率変圧器の導入,その他,他,,0.085,,
,78,力率改善制御システムの導入,その他,他,,0.08,,
,79,高効率UPSの導入,コンセント,他,情報通信,0.015,,
,80,照明の昼光利用照明制御の導入,照明,他,事務室・教室等,0.07,,
,81,照明の人感センサーによる在室検知制御の導入,照明,他,,0.03,,
,82,照明のタイムスケジュール制御の導入,照明,他,,0.025,,
,83,照明のセキュリティー連動制御の導入,照明,他,事務室・教室等,0.02,,
,84,デマンド制御システムの導入,その他,他,,0.057,,
,85,タスク＆アンビエント照明システムの導入,照明,他,事務室,0.25,,
,86,高効率給電設備の導入,その他,他,,0.15,,
,87,照明の明るさ感知による自動点滅制御の導入,照明,他,,0.008,,
,88,照明の局所制御の導入,照明,他,,0.04,,
,89,誘導灯の消灯制御の導入,照明,他,,0.01,,
,90,事務室のセンサーによる照明制御単位の細分化,照明,他,事務室,0.03,,
,91,高効率給水ポンプの導入,給排水,他,,0.1,,
,92,大便器の節水器具の導入,給排水,他,,0.22,,
,93,省エネ型便座又は洗浄便座のスケジュール制御の導入,給排水,他,,0.3,,
,94,洗面器の自動水栓の導入,給排水,他,,0.03,,
,95,女子便所への擬音装置の導入,給排水,他,,0.1,,
,96,便所洗面・湯沸室への局所給湯システムの導入,給湯,他,,0.03,,
,97,排水再利用システム等の導入,給排水,他,,0.052,,
,98,高効率給湯ヒートポンプユニットの導入,給湯,他,,0.292,,
,99,自然冷媒ヒートポンプ給湯器の導入,給湯,他,,0.167,,
,100,潜熱回収給湯器の導入,給湯,他,,0.1,,
,101,水道本管圧力利用システムの導入,給排水,他,,0.1,,
,102,エレベーターの可変電圧可変周波数制御方式の導入,昇降機,他,,0.5,,
,103,エレベーターの群管理制御の導入,昇降機,他,,0.1,,
,104,エレベーターかご内の照明、ファン等の不使用時停止制御の導入,昇降機,他,,0.02,,
,105,エレベーターの電力回生制御の導入,昇降機,他,,0.111,,
,106,エスカレーターの自動運転方式又は微速運転方式の導入,昇降機,他,,0.012,,
,107,グリーン購入法適合商品のオフィス機器の導入,全般,他,,0.004,,
,108,省エネ型自動販売機又は自動販売機のスケジュール制御の導入,全般,他,,0.003,,
,109,高効率冷凍・冷蔵設備の導入,全般,他,冷凍・冷蔵,0.384,,
,110,高効率エアコンプレッサーの導入,その他,他,,0.01,,
,111,高効率ブロワ・その他設備に係る高効率ポンプの導入,その他,他,,0.1,,
,112,高効率クリーンルームの導入,熱負荷,他,クリーンルーム,0.158,,
,113,高効率厨房機器の導入,その他,他,厨房,0.1,,
,114,ブロワ・その他設備に係るポンプのインバータ制御の導入,その他,他,,0.01,,
,115,ドラフトチャンバーの換気量可変制御システムの導入,外気,他,,0.05,,
,116,燃焼機器の空気比の管理,熱源本体,他,熱源,0.02,,
,117,蒸気ボイラーの設定圧力の適正化,熱源本体,他,蒸気ボイラー,0.007,,
,118,冷凍機の冷却水温度設定値の調整,熱源本体,他,熱源,0.016,,
,119,熱のエネルギー効率の実績,熱源本体,他,熱源,0.03,,
,120,部分負荷時の熱源運転の適正化,熱源本体,他,熱源,0.03,,
,121,部分負荷時の空調用ポンプ運転の適正化,水搬送,他,熱源,0.12,,
,122,蒸気ボイラーの給水水質・ブロー量の管理,熱源本体,他,蒸気ボイラー,0.007,,
,123,熱源機器の冷温水出口温度設定値の調整,熱源本体,他,熱源,0.015,,
,124,蓄熱槽の管理,熱源本体,他,,0.021,,
,125,コージェネレーションの運転の適正化,熱源本体,他,,0.021,,
,126,冷温水管、蒸気管等の保温の確認,熱源本体,他,熱源,0.005,,
,127,ミキシングロス防止のためのバルブ開度の確認,熱源本体,他,熱源,0.005,,
,128,インバータ制御系統のバルブの開度調整,水搬送,他,熱源,0.05,,
,129,熱源不要期間の熱源機器等停止,熱源本体,他,熱源,0.01,,
,130,空調開始時の熱源起動時間の適正化,熱源本体,他,熱源,0.01,,
,131,空調停止時の熱源運転時間の短縮,熱源本体,他,熱源,0.04,,
,132,室使用開始時の空調起動時間の適正化,熱負荷,他,,0.013,,
,133,CO2濃度・外気温湿度による外気取入量の調整,外気,他,,0.015,,
,134,居室の室内温度の適正化,熱負荷,他,,0.015,,
,135,ファンの間欠運転の実施,換気,他,,0.05,,
,136,電算室の空調機運転の適正化,熱負荷,他,情報通信,0.03,,
,137,空調運転時間の短縮,熱負荷,他,,0.013,,
,138,冬季におけるペリメータ設定温度の適正化,外皮,他,,0.05,,
,139,クールビズ・ウォームビズの実施,熱負荷,他,事務室・教室等,0.023,,
,140,居室以外の室内温度の緩和,熱負荷,他,,0.005,,
,141,冷却除湿再熱の停止,熱負荷,他,,0.01,,
,142,建物全体の給排気バランスの管理,熱負荷,他,,0.005,,
,143,エレベーター機械室・電気室の室内設定温度の適正化,換気,他,,0.035,,
,144,エレベーター機械室・電気室のファンの夏季停止,換気,他,,0.045,,
,145,エレベーター機械室・電気室の空調機の給気・還気設定温度の適正化,換気,他,,0.015,,
,146,冬季冷房になる室の設定温度の適正化,熱負荷,他,,0.004,,
,147,ファンのプーリーダウンの実施,換気,他,,0.015,,
,148,地下駐車場のスロープ等からの自然給気,換気,他,駐車場,0.075,,
,149,パッケージ形空調機の省エネチューニングの実施,熱源本体,他,パッケージ,0.05,,
,150,居室以外の照度条件の緩和,照明,他,,0.06,,
,151,清掃等の日常メンテナンス作業時の照明点灯時間・照度条件の適正化,照明,他,,0.01,,
,152,不要期間・不要時間帯の変圧器の遮断,その他,他,,0.01,,
,153,事務室の室内照度の適正化,照明,他,事務室,0.03,,
,154,事務室の照度条件の緩和,照明,他,事務室,0.05,,
,155,時間外等の照明点灯エリアの集約化,照明,他,,0.01,,
,156,給水圧力の管理,給排水,他,,0.08,,
,157,貯湯温度設定の緩和,給湯,他,,0.05,,
,158,揚水ポンプのバルブの開度調整,給排水,他,,0.05,,
,159,洗浄便座暖房の夏季停止,給排水,他,,0.2,,
,160,給水・給湯バルブの調整,給排水,他,,0.05,,
,161,給湯温度設定の緩和,給湯,他,,0.05,,
,162,貯湯式電気温水器の夜間・休日の電源停止,給湯,他,,0.05,,
,163,便所洗面給湯の給湯中止又は給湯期間の短縮,給湯,他,,0.1,,
,164,給湯不要時間帯の給湯循環ポンプの停止,給湯,他,,0.05,,
,165,夜間・休日等のエレベーターの運転台数の削減,昇降機,他,,0.01,,
,166,エレベーターかご内の空調設定温度の緩和,昇降機,他,,0.01,,
,167,外部に面する出入口の開閉の管理,熱負荷,他,,0.005,,
,168,非稼働エリアのエア供給弁の閉止,その他,他,,0.01,,
,169,非使用時間帯のエアコンプレッサーの停止,その他,他,,0.01,,
,170,エアコンプレッサーの設定圧力の適正化,その他,他,,0.01,,
,171,エアコンプレッサー吸入空気温度の管理,その他,他,,0.01,,
,172,冷凍・冷蔵設備冷却器の除霜（デフロスト）の実施,全般,他,冷凍・冷蔵,0.01,,
,173,情報通信施設のPUEの実績,全般,他,,0.008,,
,174,熱源機器の点検・清掃,熱源本体,他,熱源,0.012,,
,175,冷却水の適正な水質管理及び冷却塔の充填材の清掃,熱源補機,他,冷却塔,0.008,,
,176,熱源用制御機器の点検及び制御バルブ等の作動チェック,熱源本体,他,熱源,0.004,,
,177,熱交換器の清掃,熱源補機,他,熱源,0.004,,
,178,蒸気配管・バルブ・スチームトラップからの漏れ点検,熱源本体,他,熱源,0.004,,
,179,熱源機器のメーカーによる遠隔監視,熱源本体,他,熱源,0.002,,
,180,空調機・ファンコイルユニット等のフィルターの清浄,空気搬送,他,,0.008,,
,181,センサー類の精度チェック及び制御ダンパ等の作動チェック,熱負荷,他,,0.002,,
,182,空調機・ファンコイルユニット等のコイルフィンの清掃,空気搬送,他,,0.002,,
,183,パッケージ屋外機のフィンコイル洗浄,熱源本体,他,パッケージ,0.002,,
,184,省エネファンベルトへの交換,換気,他,,0.027,,
,185,パッケージ形空調機のメーカーによる遠隔監視,熱源本体,他,パッケージ,0.002,,
,186,照明用制御設備の作動チェック,照明,他,,0.004,,
,187,照明器具の清掃及び定期的なランプ交換,照明,他,,0.004,,
,188,ランプ交換時の初期照度補正リセットの実施,照明,他,,0.002,,
,189,冷凍・冷蔵庫の保温管理,全般,他,冷凍・冷蔵,0.002,,
,190,ｴｱ配管･ﾊﾞﾙﾌﾞからの漏れ点検及びｴｱｺﾝﾌﾟﾚｯｻｰ吸込みﾌｨﾙﾀｰの清掃,その他,他,,0.004,,
