LARGE_CATEGORY_CODE,LARGE_CATEGORY_NAME,MEDIUM_CATEGORY_CODE,MEDIUM_CATEGORY_NAME,SMALL_CATEGORY_CODE,DETAIL_CATEGORY_CODE,INDUSTRY_CLASSIFICATION_NAME,START_DATE,END_DATE,CREATION_DATETIME,CREATOR
A,農業，林業,-,,-,A,農業，林業,,,,
A,農業，林業,01,農業,-,01,農業,,,,
A,農業，林業,01,農業,010,010,管理，補助的経済活動を行う事業所,,,,
A,農業，林業,01,農業,011,011,耕種農業,,,,
A,農業，林業,01,農業,012,012,畜産農業,,,,
A,農業，林業,01,農業,013,013,農業サービス業（園芸サービス業を除く）,,,,
A,農業，林業,01,農業,014,014,園芸サービス業,,,,
A,農業，林業,02,林業,-,02,林業,,,,
A,農業，林業,02,林業,020,020,管理，補助的経済活動を行う事業所,,,,
A,農業，林業,02,林業,021,021,育林業,,,,
A,農業，林業,02,林業,022,022,素材生産業,,,,
A,農業，林業,02,林業,023,023,特用林産物生産業（きのこ類の栽培を除く）,,,,
A,農業，林業,02,林業,024,024,林業サービス業,,,,
A,農業，林業,02,林業,029,029,その他の林業,,,,
B,漁業,-,,-,B,漁業,,,,
B,漁業,03,漁業（水産養殖業を除く）,-,03,漁業（水産養殖業を除く）,,,,
B,漁業,03,漁業（水産養殖業を除く）,030,030,管理，補助的経済活動を行う事業所,,,,
B,漁業,03,漁業（水産養殖業を除く）,031,031,海面漁業,,,,
B,漁業,03,漁業（水産養殖業を除く）,032,032,内水面漁業,,,,
B,漁業,04,水産養殖業,-,04,水産養殖業,,,,
B,漁業,04,水産養殖業,040,040,管理，補助的経済活動を行う事業所,,,,
B,漁業,04,水産養殖業,041,041,海面養殖業,,,,
B,漁業,04,水産養殖業,042,042,内水面養殖業,,,,
C,鉱業，採石業，砂利採取業,-,,-,C,鉱業，採石業，砂利採取業,,,,
C,鉱業，採石業，砂利採取業,05,鉱業，採石業，砂利採取業,-,05,鉱業，採石業，砂利採取業,,,,
C,鉱業，採石業，砂利採取業,05,鉱業，採石業，砂利採取業,050,050,管理，補助的経済活動を行う事業所,,,,
C,鉱業，採石業，砂利採取業,05,鉱業，採石業，砂利採取業,051,051,金属鉱業,,,,
C,鉱業，採石業，砂利採取業,05,鉱業，採石業，砂利採取業,052,052,石炭・亜炭鉱業,,,,
C,鉱業，採石業，砂利採取業,05,鉱業，採石業，砂利採取業,053,053,原油・天然ガス鉱業,,,,
C,鉱業，採石業，砂利採取業,05,鉱業，採石業，砂利採取業,054,054,採石業，砂・砂利・玉石採取業,,,,
C,鉱業，採石業，砂利採取業,05,鉱業，採石業，砂利採取業,055,055,窯業原料用鉱物鉱業（耐火物・陶磁器・ガラス・セメント原料用に限る）,,,,
C,鉱業，採石業，砂利採取業,05,鉱業，採石業，砂利採取業,059,059,その他の鉱業,,,,
D,建設業,-,,-,D,建設業,,,,
D,建設業,06,総合工事業,-,06,総合工事業,,,,
D,建設業,06,総合工事業,060,060,管理，補助的経済活動を行う事業所,,,,
D,建設業,06,総合工事業,061,061,一般土木建築工事業,,,,
D,建設業,06,総合工事業,062,062,土木工事業（舗装工事業を除く）,,,,
D,建設業,06,総合工事業,063,063,舗装工事業,,,,
D,建設業,06,総合工事業,064,064,建築工事業（木造建築工事業を除く）,,,,
D,建設業,06,総合工事業,065,065,木造建築工事業,,,,
D,建設業,06,総合工事業,066,066,建築リフォーム工事業,,,,
D,建設業,07,職別工事業（設備工事業を除く）,-,07,職別工事業（設備工事業を除く）,,,,
D,建設業,07,職別工事業（設備工事業を除く）,070,070,管理，補助的経済活動を行う事業所,,,,
D,建設業,07,職別工事業（設備工事業を除く）,071,071,大工工事業,,,,
D,建設業,07,職別工事業（設備工事業を除く）,072,072,とび・土工・コンクリート工事業,,,,
D,建設業,07,職別工事業（設備工事業を除く）,073,073,鉄骨・鉄筋工事業,,,,
D,建設業,07,職別工事業（設備工事業を除く）,074,074,石工・れんが・タイル・ブロック工事業,,,,
D,建設業,07,職別工事業（設備工事業を除く）,075,075,左官工事業,,,,
D,建設業,07,職別工事業（設備工事業を除く）,076,076,板金・金物工事業,,,,
D,建設業,07,職別工事業（設備工事業を除く）,077,077,塗装工事業,,,,
D,建設業,07,職別工事業（設備工事業を除く）,078,078,床・内装工事業,,,,
D,建設業,07,職別工事業（設備工事業を除く）,079,079,その他の職別工事業,,,,
D,建設業,08,設備工事業,-,08,設備工事業,,,,
D,建設業,08,設備工事業,080,080,管理，補助的経済活動を行う事業所,,,,
D,建設業,08,設備工事業,081,081,電気工事業,,,,
D,建設業,08,設備工事業,082,082,電気通信・信号装置工事業,,,,
D,建設業,08,設備工事業,083,083,管工事業（さく井工事業を除く）,,,,
D,建設業,08,設備工事業,084,084,機械器具設置工事業,,,,
D,建設業,08,設備工事業,089,089,その他の設備工事業,,,,
E,製造業,-,,-,E,製造業,,,,
E,製造業,09,食料品製造業,-,09,食料品製造業,,,,
E,製造業,09,食料品製造業,090,090,管理，補助的経済活動を行う事業所,,,,
E,製造業,09,食料品製造業,091,091,畜産食料品製造業,,,,
E,製造業,09,食料品製造業,092,092,水産食料品製造業,,,,
E,製造業,09,食料品製造業,093,093,野菜缶詰・果実缶詰・農産保存食料品製造業,,,,
E,製造業,09,食料品製造業,094,094,調味料製造業,,,,
E,製造業,09,食料品製造業,095,095,糖類製造業,,,,
E,製造業,09,食料品製造業,096,096,精穀・製粉業,,,,
E,製造業,09,食料品製造業,097,097,パン・菓子製造業,,,,
E,製造業,09,食料品製造業,098,098,動植物油脂製造業,,,,
E,製造業,09,食料品製造業,099,099,その他の食料品製造業,,,,
E,製造業,10,飲料・たばこ・飼料製造業,-,10,飲料・たばこ・飼料製造業,,,,
E,製造業,10,飲料・たばこ・飼料製造業,100,100,管理，補助的経済活動を行う事業所,,,,
E,製造業,10,飲料・たばこ・飼料製造業,101,101,清涼飲料製造業,,,,
E,製造業,10,飲料・たばこ・飼料製造業,102,102,酒類製造業,,,,
E,製造業,10,飲料・たばこ・飼料製造業,103,103,茶・コーヒー製造業（清涼飲料を除く）,,,,
E,製造業,10,飲料・たばこ・飼料製造業,104,104,製氷業,,,,
E,製造業,10,飲料・たばこ・飼料製造業,105,105,たばこ製造業,,,,
E,製造業,10,飲料・たばこ・飼料製造業,106,106,飼料・有機質肥料製造業,,,,
E,製造業,11,繊維工業,-,11,繊維工業,,,,
E,製造業,11,繊維工業,110,110,管理，補助的経済活動を行う事業所,,,,
E,製造業,11,繊維工業,111,111,製糸業，紡績業，化学繊維・ねん糸等製造業,,,,
E,製造業,11,繊維工業,112,112,織物業,,,,
E,製造業,11,繊維工業,113,113,ニット生地製造業,,,,
E,製造業,11,繊維工業,114,114,染色整理業,,,,
E,製造業,11,繊維工業,115,115,綱・網・レース・繊維粗製品製造業,,,,
E,製造業,11,繊維工業,116,116,外衣・シャツ製造業（和式を除く）,,,,
E,製造業,11,繊維工業,117,117,下着類製造業,,,,
E,製造業,11,繊維工業,118,118,和装製品・その他の衣服・繊維製身の回り品製造業,,,,
E,製造業,11,繊維工業,119,119,その他の繊維製品製造業,,,,
E,製造業,12,木材・木製品製造業（家具を除く）,-,12,木材・木製品製造業（家具を除く）,,,,
E,製造業,12,木材・木製品製造業（家具を除く）,120,120,管理，補助的経済活動を行う事業所,,,,
E,製造業,12,木材・木製品製造業（家具を除く）,121,121,製材業，木製品製造業,,,,
E,製造業,12,木材・木製品製造業（家具を除く）,122,122,造作材・合板・建築用組立材料製造業,,,,
E,製造業,12,木材・木製品製造業（家具を除く）,123,123,木製容器製造業（竹，とうを含む）,,,,
E,製造業,12,木材・木製品製造業（家具を除く）,129,129,その他の木製品製造業（竹，とうを含む）,,,,
E,製造業,13,家具・装備品製造業,-,13,家具・装備品製造業,,,,
E,製造業,13,家具・装備品製造業,130,130,管理，補助的経済活動を行う事業所,,,,
E,製造業,13,家具・装備品製造業,131,131,家具製造業,,,,
E,製造業,13,家具・装備品製造業,132,132,宗教用具製造業,,,,
E,製造業,13,家具・装備品製造業,133,133,建具製造業,,,,
E,製造業,13,家具・装備品製造業,139,139,その他の家具・装備品製造業,,,,
E,製造業,14,パルプ・紙・紙加工品製造業,-,14,パルプ・紙・紙加工品製造業,,,,
E,製造業,14,パルプ・紙・紙加工品製造業,140,140,管理，補助的経済活動を行う事業所,,,,
E,製造業,14,パルプ・紙・紙加工品製造業,141,141,パルプ製造業,,,,
E,製造業,14,パルプ・紙・紙加工品製造業,142,142,紙製造業,,,,
E,製造業,14,パルプ・紙・紙加工品製造業,143,143,加工紙製造業,,,,
E,製造業,14,パルプ・紙・紙加工品製造業,144,144,紙製品製造業,,,,
E,製造業,14,パルプ・紙・紙加工品製造業,145,145,紙製容器製造業,,,,
E,製造業,14,パルプ・紙・紙加工品製造業,149,149,その他のパルプ・紙・紙加工品製造業,,,,
E,製造業,15,印刷・同関連業,-,15,印刷・同関連業,,,,
E,製造業,15,印刷・同関連業,150,150,管理，補助的経済活動を行う事業所,,,,
E,製造業,15,印刷・同関連業,151,151,印刷業,,,,
E,製造業,15,印刷・同関連業,152,152,製版業,,,,
E,製造業,15,印刷・同関連業,153,153,製本業，印刷物加工業,,,,
E,製造業,15,印刷・同関連業,159,159,印刷関連サービス業,,,,
E,製造業,16,化学工業,-,16,化学工業,,,,
E,製造業,16,化学工業,160,160,管理，補助的経済活動を行う事業所,,,,
E,製造業,16,化学工業,161,161,化学肥料製造業,,,,
E,製造業,16,化学工業,162,162,無機化学工業製品製造業,,,,
E,製造業,16,化学工業,163,163,有機化学工業製品製造業,,,,
E,製造業,16,化学工業,164,164,油脂加工製品・石けん・合成洗剤・界面活性剤・塗料製造業,,,,
E,製造業,16,化学工業,165,165,医薬品製造業,,,,
E,製造業,16,化学工業,166,166,化粧品・歯磨・その他の化粧用調整品製造業,,,,
E,製造業,16,化学工業,169,169,その他の化学工業,,,,
E,製造業,17,石油製品・石炭製品製造業,-,17,石油製品・石炭製品製造業,,,,
E,製造業,17,石油製品・石炭製品製造業,170,170,管理，補助的経済活動を行う事業所,,,,
E,製造業,17,石油製品・石炭製品製造業,171,171,石油精製業,,,,
E,製造業,17,石油製品・石炭製品製造業,172,172,潤滑油・グリース製造業（石油精製業によらないもの）,,,,
E,製造業,17,石油製品・石炭製品製造業,173,173,コークス製造業,,,,
E,製造業,17,石油製品・石炭製品製造業,174,174,舗装材料製造業,,,,
E,製造業,17,石油製品・石炭製品製造業,179,179,その他の石油製品・石炭製品製造業,,,,
E,製造業,18,プラスチック製品製造業（別掲を除く）,-,18,プラスチック製品製造業（別掲を除く）,,,,
E,製造業,18,プラスチック製品製造業（別掲を除く）,180,180,管理，補助的経済活動を行う事業所,,,,
E,製造業,18,プラスチック製品製造業（別掲を除く）,181,181,プラスチック板・棒・管・継手・異形押出製品製造業,,,,
E,製造業,18,プラスチック製品製造業（別掲を除く）,182,182,プラスチックフィルム・シート・床材・合成皮革製造業,,,,
E,製造業,18,プラスチック製品製造業（別掲を除く）,183,183,工業用プラスチック製品製造業,,,,
E,製造業,18,プラスチック製品製造業（別掲を除く）,184,184,発泡・強化プラスチック製品製造業,,,,
E,製造業,18,プラスチック製品製造業（別掲を除く）,185,185,プラスチック成形材料製造業（廃プラスチックを含む）,,,,
E,製造業,18,プラスチック製品製造業（別掲を除く）,189,189,その他のプラスチック製品製造業,,,,
E,製造業,19,ゴム製品製造業,-,19,ゴム製品製造業,,,,
E,製造業,19,ゴム製品製造業,190,190,管理，補助的経済活動を行う事業所,,,,
E,製造業,19,ゴム製品製造業,191,191,タイヤ・チューブ製造業,,,,
E,製造業,19,ゴム製品製造業,192,192,ゴム製・プラスチック製履物・同附属品製造業,,,,
E,製造業,19,ゴム製品製造業,193,193,ゴムベルト・ゴムホース・工業用ゴム製品製造業,,,,
E,製造業,19,ゴム製品製造業,199,199,その他のゴム製品製造業,,,,
E,製造業,20,なめし革・同製品・毛皮製造業,-,20,なめし革・同製品・毛皮製造業,,,,
E,製造業,20,なめし革・同製品・毛皮製造業,200,200,管理，補助的経済活動を行う事業所,,,,
E,製造業,20,なめし革・同製品・毛皮製造業,201,201,なめし革製造業,,,,
E,製造業,20,なめし革・同製品・毛皮製造業,202,202,工業用革製品製造業（手袋を除く）,,,,
E,製造業,20,なめし革・同製品・毛皮製造業,203,203,革製履物用材料・同附属品製造業,,,,
E,製造業,20,なめし革・同製品・毛皮製造業,204,204,革製履物製造業,,,,
E,製造業,20,なめし革・同製品・毛皮製造業,205,205,革製手袋製造業,,,,
E,製造業,20,なめし革・同製品・毛皮製造業,206,206,かばん製造業,,,,
E,製造業,20,なめし革・同製品・毛皮製造業,207,207,袋物製造業,,,,
E,製造業,20,なめし革・同製品・毛皮製造業,208,208,毛皮製造業,,,,
E,製造業,20,なめし革・同製品・毛皮製造業,209,209,その他のなめし革製品製造業,,,,
E,製造業,21,窯業・土石製品製造業,-,21,窯業・土石製品製造業,,,,
E,製造業,21,窯業・土石製品製造業,210,210,管理，補助的経済活動を行う事業所,,,,
E,製造業,21,窯業・土石製品製造業,211,211,ガラス・同製品製造業,,,,
E,製造業,21,窯業・土石製品製造業,212,212,セメント・同製品製造業,,,,
E,製造業,21,窯業・土石製品製造業,213,213,建設用粘土製品製造業（陶磁器製を除く）,,,,
E,製造業,21,窯業・土石製品製造業,214,214,陶磁器・同関連製品製造業,,,,
E,製造業,21,窯業・土石製品製造業,215,215,耐火物製造業,,,,
E,製造業,21,窯業・土石製品製造業,216,216,炭素・黒鉛製品製造業,,,,
E,製造業,21,窯業・土石製品製造業,217,217,研磨材・同製品製造業,,,,
E,製造業,21,窯業・土石製品製造業,218,218,骨材・石工品等製造業,,,,
E,製造業,21,窯業・土石製品製造業,219,219,その他の窯業・土石製品製造業,,,,
E,製造業,22,鉄鋼業,-,22,鉄鋼業,,,,
E,製造業,22,鉄鋼業,220,220,管理，補助的経済活動を行う事業所,,,,
E,製造業,22,鉄鋼業,221,221,製鉄業,,,,
E,製造業,22,鉄鋼業,222,222,製鋼・製鋼圧延業,,,,
E,製造業,22,鉄鋼業,223,223,製鋼を行わない鋼材製造業（表面処理鋼材を除く）,,,,
E,製造業,22,鉄鋼業,224,224,表面処理鋼材製造業,,,,
E,製造業,22,鉄鋼業,225,225,鉄素形材製造業,,,,
E,製造業,22,鉄鋼業,229,229,その他の鉄鋼業,,,,
E,製造業,23,非鉄金属製造業,-,23,非鉄金属製造業,,,,
E,製造業,23,非鉄金属製造業,230,230,管理，補助的経済活動を行う事業所,,,,
E,製造業,23,非鉄金属製造業,231,231,非鉄金属第１次製錬・精製業,,,,
E,製造業,23,非鉄金属製造業,232,232,非鉄金属第２次製錬・精製業（非鉄金属合金製造業を含む）,,,,
E,製造業,23,非鉄金属製造業,233,233,非鉄金属・同合金圧延業（抽伸，押出しを含む）,,,,
E,製造業,23,非鉄金属製造業,234,234,電線・ケーブル製造業,,,,
E,製造業,23,非鉄金属製造業,235,235,非鉄金属素形材製造業,,,,
E,製造業,23,非鉄金属製造業,239,239,その他の非鉄金属製造業,,,,
E,製造業,24,金属製品製造業,-,24,金属製品製造業,,,,
E,製造業,24,金属製品製造業,240,240,管理，補助的経済活動を行う事業所,,,,
E,製造業,24,金属製品製造業,241,241,ブリキ缶・その他のめっき板等製品製造業,,,,
E,製造業,24,金属製品製造業,242,242,洋食器・刃物・手道具・金物類製造業,,,,
E,製造業,24,金属製品製造業,243,243,暖房・調理等装置，配管工事用附属品製造業,,,,
E,製造業,24,金属製品製造業,244,244,建設用・建築用金属製品製造業（製缶板金業を含む）,,,,
E,製造業,24,金属製品製造業,245,245,金属素形材製品製造業,,,,
E,製造業,24,金属製品製造業,246,246,金属被覆・彫刻業，熱処理業（ほうろう鉄器を除く）,,,,
E,製造業,24,金属製品製造業,247,247,金属線製品製造業（ねじ類を除く）,,,,
E,製造業,24,金属製品製造業,248,248,ボルト・ナット・リベット・小ねじ・木ねじ等製造業,,,,
E,製造業,24,金属製品製造業,249,249,その他の金属製品製造業,,,,
E,製造業,25,はん用機械器具製造業,-,25,はん用機械器具製造業,,,,
E,製造業,25,はん用機械器具製造業,250,250,管理，補助的経済活動を行う事業所,,,,
E,製造業,25,はん用機械器具製造業,251,251,ボイラ・原動機製造業,,,,
E,製造業,25,はん用機械器具製造業,252,252,ポンプ・圧縮機器製造業,,,,
E,製造業,25,はん用機械器具製造業,253,253,一般産業用機械・装置製造業,,,,
E,製造業,25,はん用機械器具製造業,259,259,その他のはん用機械・同部分品製造業,,,,
E,製造業,26,生産用機械器具製造業,-,26,生産用機械器具製造業,,,,
E,製造業,26,生産用機械器具製造業,260,260,管理，補助的経済活動を行う事業所,,,,
E,製造業,26,生産用機械器具製造業,261,261,農業用機械製造業（農業用器具を除く）,,,,
E,製造業,26,生産用機械器具製造業,262,262,建設機械・鉱山機械製造業,,,,
E,製造業,26,生産用機械器具製造業,263,263,繊維機械製造業,,,,
E,製造業,26,生産用機械器具製造業,264,264,生活関連産業用機械製造業,,,,
E,製造業,26,生産用機械器具製造業,265,265,基礎素材産業用機械製造業,,,,
E,製造業,26,生産用機械器具製造業,266,266,金属加工機械製造業,,,,
E,製造業,26,生産用機械器具製造業,267,267,半導体・フラットパネルディスプレイ製造装置製造業,,,,
E,製造業,26,生産用機械器具製造業,269,269,その他の生産用機械・同部分品製造業,,,,
E,製造業,27,業務用機械器具製造業,-,27,業務用機械器具製造業,,,,
E,製造業,27,業務用機械器具製造業,270,270,管理，補助的経済活動を行う事業所,,,,
E,製造業,27,業務用機械器具製造業,271,271,事務用機械器具製造業,,,,
E,製造業,27,業務用機械器具製造業,272,272,サービス用・娯楽用機械器具製造業,,,,
E,製造業,27,業務用機械器具製造業,273,273,計量器・測定器・分析機器・試験機・測量機械器具・理化学機械器具製造業,,,,
E,製造業,27,業務用機械器具製造業,274,274,医療用機械器具・医療用品製造業,,,,
E,製造業,27,業務用機械器具製造業,275,275,光学機械器具・レンズ製造業,,,,
E,製造業,27,業務用機械器具製造業,276,276,武器製造業,,,,
E,製造業,28,電子部品・デバイス・電子回路製造業,-,28,電子部品・デバイス・電子回路製造業,,,,
E,製造業,28,電子部品・デバイス・電子回路製造業,280,280,管理，補助的経済活動を行う事業所,,,,
E,製造業,28,電子部品・デバイス・電子回路製造業,281,281,電子デバイス製造業,,,,
E,製造業,28,電子部品・デバイス・電子回路製造業,282,282,電子部品製造業,,,,
E,製造業,28,電子部品・デバイス・電子回路製造業,283,283,記録メディア製造業,,,,
E,製造業,28,電子部品・デバイス・電子回路製造業,284,284,電子回路製造業,,,,
E,製造業,28,電子部品・デバイス・電子回路製造業,285,285,ユニット部品製造業,,,,
E,製造業,28,電子部品・デバイス・電子回路製造業,289,289,その他の電子部品・デバイス・電子回路製造業,,,,
E,製造業,29,電気機械器具製造業,-,29,電気機械器具製造業,,,,
E,製造業,29,電気機械器具製造業,290,290,管理，補助的経済活動を行う事業所,,,,
E,製造業,29,電気機械器具製造業,291,291,発電用・送電用・配電用電気機械器具製造業,,,,
E,製造業,29,電気機械器具製造業,292,292,産業用電気機械器具製造業,,,,
E,製造業,29,電気機械器具製造業,293,293,民生用電気機械器具製造業,,,,
E,製造業,29,電気機械器具製造業,294,294,電球・電気照明器具製造業,,,,
E,製造業,29,電気機械器具製造業,295,295,電池製造業,,,,
E,製造業,29,電気機械器具製造業,296,296,電子応用装置製造業,,,,
E,製造業,29,電気機械器具製造業,297,297,電気計測器製造業,,,,
E,製造業,29,電気機械器具製造業,299,299,その他の電気機械器具製造業,,,,
E,製造業,30,情報通信機械器具製造業,-,30,情報通信機械器具製造業,,,,
E,製造業,30,情報通信機械器具製造業,300,300,管理，補助的経済活動を行う事業所,,,,
E,製造業,30,情報通信機械器具製造業,301,301,通信機械器具・同関連機械器具製造業,,,,
E,製造業,30,情報通信機械器具製造業,302,302,映像・音響機械器具製造業,,,,
E,製造業,30,情報通信機械器具製造業,303,303,電子計算機・同附属装置製造業,,,,
E,製造業,31,輸送用機械器具製造業,-,31,輸送用機械器具製造業,,,,
E,製造業,31,輸送用機械器具製造業,310,310,管理，補助的経済活動を行う事業所,,,,
E,製造業,31,輸送用機械器具製造業,311,311,自動車・同附属品製造業,,,,
E,製造業,31,輸送用機械器具製造業,312,312,鉄道車両・同部分品製造業,,,,
E,製造業,31,輸送用機械器具製造業,313,313,船舶製造・修理業，舶用機関製造業,,,,
E,製造業,31,輸送用機械器具製造業,314,314,航空機・同附属品製造業,,,,
E,製造業,31,輸送用機械器具製造業,315,315,産業用運搬車両・同部分品・附属品製造業,,,,
E,製造業,31,輸送用機械器具製造業,319,319,その他の輸送用機械器具製造業,,,,
E,製造業,32,その他の製造業,-,32,その他の製造業,,,,
E,製造業,32,その他の製造業,320,320,管理，補助的経済活動を行う事業所,,,,
E,製造業,32,その他の製造業,321,321,貴金属・宝石製品製造業,,,,
E,製造業,32,その他の製造業,322,322,装身具・装飾品・ボタン・同関連品製造業（貴金属・宝石製を除く）,,,,
E,製造業,32,その他の製造業,323,323,時計・同部分品製造業,,,,
E,製造業,32,その他の製造業,324,324,楽器製造業,,,,
E,製造業,32,その他の製造業,325,325,がん具・運動用具製造業,,,,
E,製造業,32,その他の製造業,325,32A,がん具製造業,,,,
E,製造業,32,その他の製造業,325,32B,運動用具製造業,,,,
E,製造業,32,その他の製造業,326,326,ペン・鉛筆・絵画用品・その他の事務用品製造業,,,,
E,製造業,32,その他の製造業,327,327,漆器製造業,,,,
E,製造業,32,その他の製造業,328,328,畳等生活雑貨製品製造業,,,,
E,製造業,32,その他の製造業,329,329,他に分類されない製造業,,,,
E,製造業,32,その他の製造業,329,32C,情報記録物製造業（新聞，書籍等の印刷物を除く）,,,,
E,製造業,32,その他の製造業,329,32D,他に分類されないその他の製造業,,,,
F,電気・ガス・熱供給・水道業,-,,-,F,電気・ガス・熱供給・水道業,,,,
F,電気・ガス・熱供給・水道業,33,電気業,-,33,電気業,,,,
F,電気・ガス・熱供給・水道業,33,電気業,330,330,管理，補助的経済活動を行う事業所,,,,
F,電気・ガス・熱供給・水道業,33,電気業,331,331,電気業,,,,
F,電気・ガス・熱供給・水道業,34,ガス業,-,34,ガス業,,,,
F,電気・ガス・熱供給・水道業,34,ガス業,340,340,管理，補助的経済活動を行う事業所,,,,
F,電気・ガス・熱供給・水道業,34,ガス業,341,341,ガス業,,,,
F,電気・ガス・熱供給・水道業,35,熱供給業,-,35,熱供給業,,,,
F,電気・ガス・熱供給・水道業,35,熱供給業,350,350,管理，補助的経済活動を行う事業所,,,,
F,電気・ガス・熱供給・水道業,35,熱供給業,351,351,熱供給業,,,,
F,電気・ガス・熱供給・水道業,36,水道業,-,36,水道業,,,,
F,電気・ガス・熱供給・水道業,36,水道業,360,360,管理，補助的経済活動を行う事業所,,,,
F,電気・ガス・熱供給・水道業,36,水道業,361,361,上水道業,,,,
F,電気・ガス・熱供給・水道業,36,水道業,362,362,工業用水道業,,,,
F,電気・ガス・熱供給・水道業,36,水道業,363,363,下水道業,,,,
G,情報通信業,-,,-,G,情報通信業,,,,
G,情報通信業,37,通信業,-,37,通信業,,,,
G,情報通信業,37,通信業,370,370,管理，補助的経済活動を行う事業所,,,,
G,情報通信業,37,通信業,371,371,固定電気通信業,,,,
G,情報通信業,37,通信業,372,372,移動電気通信業,,,,
G,情報通信業,37,通信業,373,373,電気通信に附帯するサービス業,,,,
G,情報通信業,38,放送業,-,38,放送業,,,,
G,情報通信業,38,放送業,380,380,管理，補助的経済活動を行う事業所,,,,
G,情報通信業,38,放送業,381,381,公共放送業（有線放送業を除く）,,,,
G,情報通信業,38,放送業,382,382,民間放送業（有線放送業を除く）,,,,
G,情報通信業,38,放送業,383,383,有線放送業,,,,
G,情報通信業,39,情報サービス業,-,39,情報サービス業,,,,
G,情報通信業,39,情報サービス業,390,390,管理，補助的経済活動を行う事業所,,,,
G,情報通信業,39,情報サービス業,391,391,ソフトウェア業,,,,
G,情報通信業,39,情報サービス業,392,392,情報処理・提供サービス業,,,,
G,情報通信業,39,情報サービス業,392,39A,情報処理サービス業,,,,
G,情報通信業,39,情報サービス業,392,39B,情報提供サービス業,,,,
G,情報通信業,39,情報サービス業,392,39C,その他の情報処理・提供サービス業,,,,
G,情報通信業,40,インターネット附随サービス業,-,40,インターネット附随サービス業,,,,
G,情報通信業,40,インターネット附随サービス業,400,400,管理，補助的経済活動を行う事業所,,,,
G,情報通信業,40,インターネット附随サービス業,401,401,インターネット附随サービス業,,,,
G,情報通信業,41,映像・音声・文字情報制作業,-,41,映像・音声・文字情報制作業,,,,
G,情報通信業,41,映像・音声・文字情報制作業,410,410,管理，補助的経済活動を行う事業所,,,,
G,情報通信業,41,映像・音声・文字情報制作業,411,411,映像情報制作・配給業,,,,
G,情報通信業,41,映像・音声・文字情報制作業,412,412,音声情報制作業,,,,
G,情報通信業,41,映像・音声・文字情報制作業,413,413,新聞業,,,,
G,情報通信業,41,映像・音声・文字情報制作業,414,414,出版業,,,,
G,情報通信業,41,映像・音声・文字情報制作業,415,415,広告制作業,,,,
G,情報通信業,41,映像・音声・文字情報制作業,416,416,映像・音声・文字情報制作に附帯するサービス業,,,,
H,運輸業，郵便業,-,,-,H,運輸業，郵便業,,,,
H,運輸業，郵便業,42,鉄道業,-,42,鉄道業,,,,
H,運輸業，郵便業,42,鉄道業,420,420,管理，補助的経済活動を行う事業所,,,,
H,運輸業，郵便業,42,鉄道業,421,421,鉄道業,,,,
H,運輸業，郵便業,43,道路旅客運送業,-,43,道路旅客運送業,,,,
H,運輸業，郵便業,43,道路旅客運送業,430,430,管理，補助的経済活動を行う事業所,,,,
H,運輸業，郵便業,43,道路旅客運送業,431,431,一般乗合旅客自動車運送業,,,,
H,運輸業，郵便業,43,道路旅客運送業,432,432,一般乗用旅客自動車運送業,,,,
H,運輸業，郵便業,43,道路旅客運送業,433,433,一般貸切旅客自動車運送業,,,,
H,運輸業，郵便業,43,道路旅客運送業,439,439,その他の道路旅客運送業,,,,
H,運輸業，郵便業,44,道路貨物運送業,-,44,道路貨物運送業,,,,
H,運輸業，郵便業,44,道路貨物運送業,440,440,管理，補助的経済活動を行う事業所,,,,
H,運輸業，郵便業,44,道路貨物運送業,441,441,一般貨物自動車運送業,,,,
H,運輸業，郵便業,44,道路貨物運送業,442,442,特定貨物自動車運送業,,,,
H,運輸業，郵便業,44,道路貨物運送業,443,443,貨物軽自動車運送業,,,,
H,運輸業，郵便業,44,道路貨物運送業,444,444,集配利用運送業,,,,
H,運輸業，郵便業,44,道路貨物運送業,449,449,その他の道路貨物運送業,,,,
H,運輸業，郵便業,45,水運業,-,45,水運業,,,,
H,運輸業，郵便業,45,水運業,450,450,管理，補助的経済活動を行う事業所,,,,
H,運輸業，郵便業,45,水運業,451,451,外航海運業,,,,
H,運輸業，郵便業,45,水運業,452,452,沿海海運業,,,,
H,運輸業，郵便業,45,水運業,453,453,内陸水運業,,,,
H,運輸業，郵便業,45,水運業,454,454,船舶貸渡業,,,,
H,運輸業，郵便業,46,航空運輸業,-,46,航空運輸業,,,,
H,運輸業，郵便業,46,航空運輸業,460,460,管理，補助的経済活動を行う事業所,,,,
H,運輸業，郵便業,46,航空運輸業,461,461,航空運送業,,,,
H,運輸業，郵便業,46,航空運輸業,462,462,航空機使用業（航空運送業を除く）,,,,
H,運輸業，郵便業,47,倉庫業,-,47,倉庫業,,,,
H,運輸業，郵便業,47,倉庫業,470,470,管理，補助的経済活動を行う事業所,,,,
H,運輸業，郵便業,47,倉庫業,471,471,倉庫業（冷蔵倉庫業を除く）,,,,
H,運輸業，郵便業,47,倉庫業,472,472,冷蔵倉庫業,,,,
H,運輸業，郵便業,48,運輸に附帯するサービス業,-,48,運輸に附帯するサービス業,,,,
H,運輸業，郵便業,48,運輸に附帯するサービス業,480,480,管理，補助的経済活動を行う事業所,,,,
H,運輸業，郵便業,48,運輸に附帯するサービス業,481,481,港湾運送業,,,,
H,運輸業，郵便業,48,運輸に附帯するサービス業,482,482,貨物運送取扱業（集配利用運送業を除く）,,,,
H,運輸業，郵便業,48,運輸に附帯するサービス業,483,483,運送代理店,,,,
H,運輸業，郵便業,48,運輸に附帯するサービス業,484,484,こん包業,,,,
H,運輸業，郵便業,48,運輸に附帯するサービス業,485,485,運輸施設提供業,,,,
H,運輸業，郵便業,48,運輸に附帯するサービス業,489,489,その他の運輸に附帯するサービス業,,,,
H,運輸業，郵便業,49,郵便業（信書便事業を含む）,-,49,郵便業（信書便事業を含む）,,,,
H,運輸業，郵便業,49,郵便業（信書便事業を含む）,490,490,管理，補助的経済活動を行う事業所,,,,
H,運輸業，郵便業,49,郵便業（信書便事業を含む）,491,491,郵便業（信書便事業を含む）,,,,
I,卸売業，小売業,-,,-,I,卸売業，小売業,,,,
I,卸売業，小売業,50,各種商品卸売業,-,50,各種商品卸売業,,,,
I,卸売業，小売業,50,各種商品卸売業,500,500,管理，補助的経済活動を行う事業所,,,,
I,卸売業，小売業,50,各種商品卸売業,501,501,各種商品卸売業,,,,
I,卸売業，小売業,50,各種商品卸売業,501,50A,各種商品卸売業（従業者が常時100人以上のもの）,,,,
I,卸売業，小売業,50,各種商品卸売業,501,50B,その他の各種商品卸売業,,,,
I,卸売業，小売業,51,繊維・衣服等卸売業,-,51,繊維・衣服等卸売業,,,,
I,卸売業，小売業,51,繊維・衣服等卸売業,510,510,管理，補助的経済活動を行う事業所,,,,
I,卸売業，小売業,51,繊維・衣服等卸売業,511,511,繊維品卸売業（衣服，身の回り品を除く）,,,,
I,卸売業，小売業,51,繊維・衣服等卸売業,512,512,衣服卸売業,,,,
I,卸売業，小売業,51,繊維・衣服等卸売業,513,513,身の回り品卸売業,,,,
I,卸売業，小売業,52,飲食料品卸売業,-,52,飲食料品卸売業,,,,
I,卸売業，小売業,52,飲食料品卸売業,520,520,管理，補助的経済活動を行う事業所,,,,
I,卸売業，小売業,52,飲食料品卸売業,521,521,農畜産物・水産物卸売業,,,,
I,卸売業，小売業,52,飲食料品卸売業,521,52A,米穀類卸売業,,,,
I,卸売業，小売業,52,飲食料品卸売業,521,52B,野菜・果実卸売業,,,,
I,卸売業，小売業,52,飲食料品卸売業,521,52C,食肉卸売業,,,,
I,卸売業，小売業,52,飲食料品卸売業,521,52D,生鮮魚介卸売業,,,,
I,卸売業，小売業,52,飲食料品卸売業,521,52E,その他の農畜産物・水産物卸売業,,,,
I,卸売業，小売業,52,飲食料品卸売業,522,522,食料・飲料卸売業,,,,
I,卸売業，小売業,53,建築材料，鉱物・金属材料等卸売業,-,53,建築材料，鉱物・金属材料等卸売業,,,,
I,卸売業，小売業,53,建築材料，鉱物・金属材料等卸売業,530,530,管理，補助的経済活動を行う事業所,,,,
I,卸売業，小売業,53,建築材料，鉱物・金属材料等卸売業,531,531,建築材料卸売業,,,,
I,卸売業，小売業,53,建築材料，鉱物・金属材料等卸売業,532,532,化学製品卸売業,,,,
I,卸売業，小売業,53,建築材料，鉱物・金属材料等卸売業,533,533,石油・鉱物卸売業,,,,
I,卸売業，小売業,53,建築材料，鉱物・金属材料等卸売業,534,534,鉄鋼製品卸売業,,,,
I,卸売業，小売業,53,建築材料，鉱物・金属材料等卸売業,535,535,非鉄金属卸売業,,,,
I,卸売業，小売業,53,建築材料，鉱物・金属材料等卸売業,536,536,再生資源卸売業,,,,
I,卸売業，小売業,54,機械器具卸売業,-,54,機械器具卸売業,,,,
I,卸売業，小売業,54,機械器具卸売業,540,540,管理，補助的経済活動を行う事業所,,,,
I,卸売業，小売業,54,機械器具卸売業,541,541,産業機械器具卸売業,,,,
I,卸売業，小売業,54,機械器具卸売業,542,542,自動車卸売業,,,,
I,卸売業，小売業,54,機械器具卸売業,543,543,電気機械器具卸売業,,,,
I,卸売業，小売業,54,機械器具卸売業,549,549,その他の機械器具卸売業,,,,
I,卸売業，小売業,55,その他の卸売業,-,55,その他の卸売業,,,,
I,卸売業，小売業,55,その他の卸売業,550,550,管理，補助的経済活動を行う事業所,,,,
I,卸売業，小売業,55,その他の卸売業,551,551,家具・建具・じゅう器等卸売業,,,,
I,卸売業，小売業,55,その他の卸売業,552,552,医薬品・化粧品等卸売業,,,,
I,卸売業，小売業,55,その他の卸売業,553,553,紙・紙製品卸売業,,,,
I,卸売業，小売業,55,その他の卸売業,559,559,他に分類されない卸売業,,,,
I,卸売業，小売業,55,その他の卸売業,559,55A,代理商，仲立業,,,,
I,卸売業，小売業,55,その他の卸売業,559,55B,他に分類されないその他の卸売業,,,,
I,卸売業，小売業,56,各種商品小売業,-,56,各種商品小売業,,,,
I,卸売業，小売業,56,各種商品小売業,560,560,管理，補助的経済活動を行う事業所,,,,
I,卸売業，小売業,56,各種商品小売業,561,561,百貨店，総合スーパー,,,,
I,卸売業，小売業,56,各種商品小売業,569,569,その他の各種商品小売業（従業者が常時50人未満のもの）,,,,
I,卸売業，小売業,57,織物・衣服・身の回り品小売業,-,57,織物・衣服・身の回り品小売業,,,,
I,卸売業，小売業,57,織物・衣服・身の回り品小売業,570,570,管理，補助的経済活動を行う事業所,,,,
I,卸売業，小売業,57,織物・衣服・身の回り品小売業,571,571,呉服・服地・寝具小売業,,,,
I,卸売業，小売業,57,織物・衣服・身の回り品小売業,572,572,男子服小売業,,,,
I,卸売業，小売業,57,織物・衣服・身の回り品小売業,573,573,婦人・子供服小売業,,,,
I,卸売業，小売業,57,織物・衣服・身の回り品小売業,574,574,靴・履物小売業,,,,
I,卸売業，小売業,57,織物・衣服・身の回り品小売業,579,579,その他の織物・衣服・身の回り品小売業,,,,
I,卸売業，小売業,58,飲食料品小売業,-,58,飲食料品小売業,,,,
I,卸売業，小売業,58,飲食料品小売業,580,580,管理，補助的経済活動を行う事業所,,,,
I,卸売業，小売業,58,飲食料品小売業,581,581,各種食料品小売業,,,,
I,卸売業，小売業,58,飲食料品小売業,582,582,野菜・果実小売業,,,,
I,卸売業，小売業,58,飲食料品小売業,583,583,食肉小売業,,,,
I,卸売業，小売業,58,飲食料品小売業,584,584,鮮魚小売業,,,,
I,卸売業，小売業,58,飲食料品小売業,585,585,酒小売業,,,,
I,卸売業，小売業,58,飲食料品小売業,586,586,菓子・パン小売業,,,,
I,卸売業，小売業,58,飲食料品小売業,589,589,その他の飲食料品小売業,,,,
I,卸売業，小売業,58,飲食料品小売業,589,58A,料理品小売業,,,,
I,卸売業，小売業,58,飲食料品小売業,589,58B,他に分類されない飲食料品小売業,,,,
I,卸売業，小売業,59,機械器具小売業,-,59,機械器具小売業,,,,
I,卸売業，小売業,59,機械器具小売業,590,590,管理，補助的経済活動を行う事業所,,,,
I,卸売業，小売業,59,機械器具小売業,591,591,自動車小売業,,,,
I,卸売業，小売業,59,機械器具小売業,592,592,自転車小売業,,,,
I,卸売業，小売業,59,機械器具小売業,593,593,機械器具小売業（自動車，自転車を除く）,,,,
I,卸売業，小売業,60,その他の小売業,-,60,その他の小売業,,,,
I,卸売業，小売業,60,その他の小売業,600,600,管理，補助的経済活動を行う事業所,,,,
I,卸売業，小売業,60,その他の小売業,601,601,家具・建具・畳小売業,,,,
I,卸売業，小売業,60,その他の小売業,602,602,じゅう器小売業,,,,
I,卸売業，小売業,60,その他の小売業,603,603,医薬品・化粧品小売業,,,,
I,卸売業，小売業,60,その他の小売業,604,604,農耕用品小売業,,,,
I,卸売業，小売業,60,その他の小売業,605,605,燃料小売業,,,,
I,卸売業，小売業,60,その他の小売業,606,606,書籍・文房具小売業,,,,
I,卸売業，小売業,60,その他の小売業,607,607,スポーツ用品・がん具・娯楽用品・楽器小売業,,,,
I,卸売業，小売業,60,その他の小売業,607,60A,スポーツ用品小売業,,,,
I,卸売業，小売業,60,その他の小売業,607,60B,がん具・娯楽用品小売業,,,,
I,卸売業，小売業,60,その他の小売業,607,60C,楽器小売業,,,,
I,卸売業，小売業,60,その他の小売業,608,608,写真機・時計・眼鏡小売業,,,,
I,卸売業，小売業,60,その他の小売業,609,609,他に分類されない小売業,,,,
I,卸売業，小売業,60,その他の小売業,609,60D,花・植木小売業,,,,
I,卸売業，小売業,60,その他の小売業,609,60E,ペット・ペット用品小売業,,,,
I,卸売業，小売業,60,その他の小売業,609,60F,中古品小売業（他に分類されないもの）,,,,
I,卸売業，小売業,60,その他の小売業,609,60G,他に分類されないその他の小売業,,,,
I,卸売業，小売業,61,無店舗小売業,-,61,無店舗小売業,,,,
I,卸売業，小売業,61,無店舗小売業,610,610,管理，補助的経済活動を行う事業所,,,,
I,卸売業，小売業,61,無店舗小売業,611,611,通信販売・訪問販売小売業,,,,
I,卸売業，小売業,61,無店舗小売業,612,612,自動販売機による小売業,,,,
I,卸売業，小売業,61,無店舗小売業,619,619,その他の無店舗小売業,,,,
J,金融業，保険業,-,,-,J,金融業，保険業,,,,
J,金融業，保険業,62,銀行業,-,62,銀行業,,,,
J,金融業，保険業,62,銀行業,620,620,管理，補助的経済活動を行う事業所,,,,
J,金融業，保険業,62,銀行業,621,621,中央銀行,,,,
J,金融業，保険業,62,銀行業,622,622,銀行（中央銀行を除く）,,,,
J,金融業，保険業,63,協同組織金融業,-,63,協同組織金融業,,,,
J,金融業，保険業,63,協同組織金融業,630,630,管理，補助的経済活動を行う事業所,,,,
J,金融業，保険業,63,協同組織金融業,631,631,中小企業等金融業,,,,
J,金融業，保険業,63,協同組織金融業,632,632,農林水産金融業,,,,
J,金融業，保険業,64,貸金業，クレジットカード業等非預金信用機関,-,64,貸金業，クレジットカード業等非預金信用機関,,,,
J,金融業，保険業,64,貸金業，クレジットカード業等非預金信用機関,640,640,管理，補助的経済活動を行う事業所,,,,
J,金融業，保険業,64,貸金業，クレジットカード業等非預金信用機関,641,641,貸金業,,,,
J,金融業，保険業,64,貸金業，クレジットカード業等非預金信用機関,642,642,質屋,,,,
J,金融業，保険業,64,貸金業，クレジットカード業等非預金信用機関,643,643,クレジットカード業，割賦金融業,,,,
J,金融業，保険業,64,貸金業，クレジットカード業等非預金信用機関,649,649,その他の非預金信用機関,,,,
J,金融業，保険業,65,金融商品取引業，商品先物取引業,-,65,金融商品取引業，商品先物取引業,,,,
J,金融業，保険業,65,金融商品取引業，商品先物取引業,650,650,管理，補助的経済活動を行う事業所,,,,
J,金融業，保険業,65,金融商品取引業，商品先物取引業,651,651,金融商品取引業,,,,
J,金融業，保険業,65,金融商品取引業，商品先物取引業,652,652,商品先物取引業，商品投資顧問業,,,,
J,金融業，保険業,66,補助的金融業等,-,66,補助的金融業等,,,,
J,金融業，保険業,66,補助的金融業等,660,660,管理，補助的経済活動を行う事業所,,,,
J,金融業，保険業,66,補助的金融業等,661,661,補助的金融業，金融附帯業,,,,
J,金融業，保険業,66,補助的金融業等,662,662,信託業,,,,
J,金融業，保険業,66,補助的金融業等,663,663,金融代理業,,,,
J,金融業，保険業,67,保険業（保険媒介代理業，保険サービス業を含む）,-,67,保険業（保険媒介代理業，保険サービス業を含む）,,,,
J,金融業，保険業,67,保険業（保険媒介代理業，保険サービス業を含む）,670,670,管理，補助的経済活動を行う事業所,,,,
J,金融業，保険業,67,保険業（保険媒介代理業，保険サービス業を含む）,671,671,生命保険業,,,,
J,金融業，保険業,67,保険業（保険媒介代理業，保険サービス業を含む）,672,672,損害保険業,,,,
J,金融業，保険業,67,保険業（保険媒介代理業，保険サービス業を含む）,673,673,共済事業，少額短期保険業,,,,
J,金融業，保険業,67,保険業（保険媒介代理業，保険サービス業を含む）,674,674,保険媒介代理業,,,,
J,金融業，保険業,67,保険業（保険媒介代理業，保険サービス業を含む）,675,675,保険サービス業,,,,
K,不動産業，物品賃貸業,-,,-,K,不動産業，物品賃貸業,,,,
K,不動産業，物品賃貸業,68,不動産取引業,-,68,不動産取引業,,,,
K,不動産業，物品賃貸業,68,不動産取引業,680,680,管理，補助的経済活動を行う事業所,,,,
K,不動産業，物品賃貸業,68,不動産取引業,681,681,建物売買業，土地売買業,,,,
K,不動産業，物品賃貸業,68,不動産取引業,682,682,不動産代理業・仲介業,,,,
K,不動産業，物品賃貸業,69,不動産賃貸業・管理業,-,69,不動産賃貸業・管理業,,,,
K,不動産業，物品賃貸業,69,不動産賃貸業・管理業,690,690,管理，補助的経済活動を行う事業所,,,,
K,不動産業，物品賃貸業,69,不動産賃貸業・管理業,691,691,不動産賃貸業（貸家業，貸間業を除く）,,,,
K,不動産業，物品賃貸業,69,不動産賃貸業・管理業,692,692,貸家業，貸間業,,,,
K,不動産業，物品賃貸業,69,不動産賃貸業・管理業,693,693,駐車場業,,,,
K,不動産業，物品賃貸業,69,不動産賃貸業・管理業,694,694,不動産管理業,,,,
K,不動産業，物品賃貸業,70,物品賃貸業,-,70,物品賃貸業,,,,
K,不動産業，物品賃貸業,70,物品賃貸業,700,700,管理，補助的経済活動を行う事業所,,,,
K,不動産業，物品賃貸業,70,物品賃貸業,701,701,各種物品賃貸業,,,,
K,不動産業，物品賃貸業,70,物品賃貸業,701,70C,総合リース業,,,,
K,不動産業，物品賃貸業,70,物品賃貸業,701,70D,その他の各種物品賃貸業,,,,
K,不動産業，物品賃貸業,70,物品賃貸業,702,702,産業用機械器具賃貸業,,,,
K,不動産業，物品賃貸業,70,物品賃貸業,703,703,事務用機械器具賃貸業,,,,
K,不動産業，物品賃貸業,70,物品賃貸業,704,704,自動車賃貸業,,,,
K,不動産業，物品賃貸業,70,物品賃貸業,705,705,スポーツ・娯楽用品賃貸業,,,,
K,不動産業，物品賃貸業,70,物品賃貸業,709,709,その他の物品賃貸業,,,,
K,不動産業，物品賃貸業,70,物品賃貸業,709,70A,音楽・映像記録物賃貸業（別掲を除く）,,,,
K,不動産業，物品賃貸業,70,物品賃貸業,709,70B,他に分類されない物品賃貸業,,,,
L,学術研究，専門・技術サービス業,-,,-,L,学術研究，専門・技術サービス業,,,,
L,学術研究，専門・技術サービス業,71,学術・開発研究機関,-,71,学術・開発研究機関,,,,
L,学術研究，専門・技術サービス業,71,学術・開発研究機関,710,710,管理，補助的経済活動を行う事業所,,,,
L,学術研究，専門・技術サービス業,71,学術・開発研究機関,711,711,自然科学研究所,,,,
L,学術研究，専門・技術サービス業,71,学術・開発研究機関,712,712,人文・社会科学研究所,,,,
L,学術研究，専門・技術サービス業,72,専門サービス業（他に分類されないもの）,-,72,専門サービス業（他に分類されないもの）,,,,
L,学術研究，専門・技術サービス業,72,専門サービス業（他に分類されないもの）,720,720,管理，補助的経済活動を行う事業所,,,,
L,学術研究，専門・技術サービス業,72,専門サービス業（他に分類されないもの）,721,721,法律事務所，特許事務所,,,,
L,学術研究，専門・技術サービス業,72,専門サービス業（他に分類されないもの）,721,72A,法律事務所,,,,
L,学術研究，専門・技術サービス業,72,専門サービス業（他に分類されないもの）,721,72B,特許事務所,,,,
L,学術研究，専門・技術サービス業,72,専門サービス業（他に分類されないもの）,722,722,公証人役場，司法書士事務所，土地家屋調査士事務所,,,,
L,学術研究，専門・技術サービス業,72,専門サービス業（他に分類されないもの）,722,72J,公証人役場，司法書士事務所,,,,
L,学術研究，専門・技術サービス業,72,専門サービス業（他に分類されないもの）,722,72K,土地家屋調査士事務所,,,,
L,学術研究，専門・技術サービス業,72,専門サービス業（他に分類されないもの）,723,723,行政書士事務所,,,,
L,学術研究，専門・技術サービス業,72,専門サービス業（他に分類されないもの）,724,724,公認会計士事務所，税理士事務所,,,,
L,学術研究，専門・技術サービス業,72,専門サービス業（他に分類されないもの）,724,72C,公認会計士事務所,,,,
L,学術研究，専門・技術サービス業,72,専門サービス業（他に分類されないもの）,724,72D,税理士事務所,,,,
L,学術研究，専門・技術サービス業,72,専門サービス業（他に分類されないもの）,725,725,社会保険労務士事務所,,,,
L,学術研究，専門・技術サービス業,72,専門サービス業（他に分類されないもの）,726,726,デザイン業,,,,
L,学術研究，専門・技術サービス業,72,専門サービス業（他に分類されないもの）,727,727,著述・芸術家業,,,,
L,学術研究，専門・技術サービス業,72,専門サービス業（他に分類されないもの）,728,728,経営コンサルタント業，純粋持株会社,,,,
L,学術研究，専門・技術サービス業,72,専門サービス業（他に分類されないもの）,728,72E,経営コンサルタント業,,,,
L,学術研究，専門・技術サービス業,72,専門サービス業（他に分類されないもの）,728,72F,純粋持株会社,,,,
L,学術研究，専門・技術サービス業,72,専門サービス業（他に分類されないもの）,729,729,その他の専門サービス業,,,,
L,学術研究，専門・技術サービス業,72,専門サービス業（他に分類されないもの）,729,72G,興信所,,,,
L,学術研究，専門・技術サービス業,72,専門サービス業（他に分類されないもの）,729,72H,他に分類されない専門サービス業,,,,
L,学術研究，専門・技術サービス業,73,広告業,-,73,広告業,,,,
L,学術研究，専門・技術サービス業,73,広告業,730,730,管理，補助的経済活動を行う事業所,,,,
L,学術研究，専門・技術サービス業,73,広告業,731,731,広告業,,,,
L,学術研究，専門・技術サービス業,74,技術サービス業（他に分類されないもの）,-,74,技術サービス業（他に分類されないもの）,,,,
L,学術研究，専門・技術サービス業,74,技術サービス業（他に分類されないもの）,740,740,管理，補助的経済活動を行う事業所,,,,
L,学術研究，専門・技術サービス業,74,技術サービス業（他に分類されないもの）,741,741,獣医業,,,,
L,学術研究，専門・技術サービス業,74,技術サービス業（他に分類されないもの）,742,742,土木建築サービス業,,,,
L,学術研究，専門・技術サービス業,74,技術サービス業（他に分類されないもの）,742,74A,建築設計業,,,,
L,学術研究，専門・技術サービス業,74,技術サービス業（他に分類されないもの）,742,74B,測量業,,,,
L,学術研究，専門・技術サービス業,74,技術サービス業（他に分類されないもの）,742,74C,その他の土木建築サービス業,,,,
L,学術研究，専門・技術サービス業,74,技術サービス業（他に分類されないもの）,743,743,機械設計業,,,,
L,学術研究，専門・技術サービス業,74,技術サービス業（他に分類されないもの）,744,744,商品・非破壊検査業,,,,
L,学術研究，専門・技術サービス業,74,技術サービス業（他に分類されないもの）,745,745,計量証明業,,,,
L,学術研究，専門・技術サービス業,74,技術サービス業（他に分類されないもの）,746,746,写真業,,,,
L,学術研究，専門・技術サービス業,74,技術サービス業（他に分類されないもの）,746,74D,写真業（商業写真業を除く）,,,,
L,学術研究，専門・技術サービス業,74,技術サービス業（他に分類されないもの）,746,74E,商業写真業,,,,
L,学術研究，専門・技術サービス業,74,技術サービス業（他に分類されないもの）,749,749,その他の技術サービス業,,,,
M,宿泊業，飲食サービス業,-,,-,M,宿泊業，飲食サービス業,,,,
M,宿泊業，飲食サービス業,75,宿泊業,-,75,宿泊業,,,,
M,宿泊業，飲食サービス業,75,宿泊業,750,750,管理，補助的経済活動を行う事業所,,,,
M,宿泊業，飲食サービス業,75,宿泊業,751,751,旅館，ホテル,,,,
M,宿泊業，飲食サービス業,75,宿泊業,752,752,簡易宿所,,,,
M,宿泊業，飲食サービス業,75,宿泊業,753,753,下宿業,,,,
M,宿泊業，飲食サービス業,75,宿泊業,759,759,その他の宿泊業,,,,
M,宿泊業，飲食サービス業,75,宿泊業,759,75A,会社・団体の宿泊所,,,,
M,宿泊業，飲食サービス業,75,宿泊業,759,75B,他に分類されない宿泊業,,,,
M,宿泊業，飲食サービス業,76,飲食店,-,76,飲食店,,,,
M,宿泊業，飲食サービス業,76,飲食店,760,760,管理，補助的経済活動を行う事業所,,,,
M,宿泊業，飲食サービス業,76,飲食店,761,761,食堂，レストラン（専門料理店を除く）,,,,
M,宿泊業，飲食サービス業,76,飲食店,762,762,専門料理店,,,,
M,宿泊業，飲食サービス業,76,飲食店,762,76A,日本料理店,,,,
M,宿泊業，飲食サービス業,76,飲食店,762,76B,中華料理店,,,,
M,宿泊業，飲食サービス業,76,飲食店,762,76C,焼肉店,,,,
M,宿泊業，飲食サービス業,76,飲食店,762,76D,その他の専門料理店,,,,
M,宿泊業，飲食サービス業,76,飲食店,763,763,そば・うどん店,,,,
M,宿泊業，飲食サービス業,76,飲食店,764,764,すし店,,,,
M,宿泊業，飲食サービス業,76,飲食店,765,765,酒場，ビヤホール,,,,
M,宿泊業，飲食サービス業,76,飲食店,766,766,バー，キャバレー，ナイトクラブ,,,,
M,宿泊業，飲食サービス業,76,飲食店,767,767,喫茶店,,,,
M,宿泊業，飲食サービス業,76,飲食店,769,769,その他の飲食店,,,,
M,宿泊業，飲食サービス業,76,飲食店,769,76E,ハンバーガー店,,,,
M,宿泊業，飲食サービス業,76,飲食店,769,76F,お好み焼・焼きそば・たこ焼店,,,,
M,宿泊業，飲食サービス業,76,飲食店,769,76G,他に分類されない飲食店,,,,
M,宿泊業，飲食サービス業,77,持ち帰り・配達飲食サービス業,-,77,持ち帰り・配達飲食サービス業,,,,
M,宿泊業，飲食サービス業,77,持ち帰り・配達飲食サービス業,770,770,管理，補助的経済活動を行う事業所,,,,
M,宿泊業，飲食サービス業,77,持ち帰り・配達飲食サービス業,771,771,持ち帰り飲食サービス業,,,,
M,宿泊業，飲食サービス業,77,持ち帰り・配達飲食サービス業,772,772,配達飲食サービス業,,,,
N,生活関連サービス業，娯楽業,-,,-,N,生活関連サービス業，娯楽業,,,,
N,生活関連サービス業，娯楽業,78,洗濯・理容・美容・浴場業,-,78,洗濯・理容・美容・浴場業,,,,
N,生活関連サービス業，娯楽業,78,洗濯・理容・美容・浴場業,780,780,管理，補助的経済活動を行う事業所,,,,
N,生活関連サービス業，娯楽業,78,洗濯・理容・美容・浴場業,781,781,洗濯業,,,,
N,生活関連サービス業，娯楽業,78,洗濯・理容・美容・浴場業,781,78A,普通洗濯業,,,,
N,生活関連サービス業，娯楽業,78,洗濯・理容・美容・浴場業,781,78B,リネンサプライ業,,,,
N,生活関連サービス業，娯楽業,78,洗濯・理容・美容・浴場業,782,782,理容業,,,,
N,生活関連サービス業，娯楽業,78,洗濯・理容・美容・浴場業,783,783,美容業,,,,
N,生活関連サービス業，娯楽業,78,洗濯・理容・美容・浴場業,784,784,一般公衆浴場業,,,,
N,生活関連サービス業，娯楽業,78,洗濯・理容・美容・浴場業,785,785,その他の公衆浴場業,,,,
N,生活関連サービス業，娯楽業,78,洗濯・理容・美容・浴場業,789,789,その他の洗濯・理容・美容・浴場業,,,,
N,生活関連サービス業，娯楽業,78,洗濯・理容・美容・浴場業,789,78C,洗張・染物業,,,,
N,生活関連サービス業，娯楽業,78,洗濯・理容・美容・浴場業,789,78D,他に分類されない洗濯・理容・美容・浴場業,,,,
N,生活関連サービス業，娯楽業,79,その他の生活関連サービス業,-,79,その他の生活関連サービス業,,,,
N,生活関連サービス業，娯楽業,79,その他の生活関連サービス業,790,790,管理，補助的経済活動を行う事業所,,,,
N,生活関連サービス業，娯楽業,79,その他の生活関連サービス業,791,791,旅行業,,,,
N,生活関連サービス業，娯楽業,79,その他の生活関連サービス業,793,793,衣服裁縫修理業,,,,
N,生活関連サービス業，娯楽業,79,その他の生活関連サービス業,794,794,物品預り業,,,,
N,生活関連サービス業，娯楽業,79,その他の生活関連サービス業,795,795,火葬・墓地管理業,,,,
N,生活関連サービス業，娯楽業,79,その他の生活関連サービス業,796,796,冠婚葬祭業,,,,
N,生活関連サービス業，娯楽業,79,その他の生活関連サービス業,796,79A,葬儀業,,,,
N,生活関連サービス業，娯楽業,79,その他の生活関連サービス業,796,79B,結婚式場業,,,,
N,生活関連サービス業，娯楽業,79,その他の生活関連サービス業,796,79C,冠婚葬祭互助会,,,,
N,生活関連サービス業，娯楽業,79,その他の生活関連サービス業,799,799,他に分類されない生活関連サービス業,,,,
N,生活関連サービス業，娯楽業,79,その他の生活関連サービス業,799,79D,写真プリント，現像・焼付業,,,,
N,生活関連サービス業，娯楽業,79,その他の生活関連サービス業,799,79E,他に分類されないその他の生活関連サービス業,,,,
N,生活関連サービス業，娯楽業,80,娯楽業,-,80,娯楽業,,,,
N,生活関連サービス業，娯楽業,80,娯楽業,800,800,管理，補助的経済活動を行う事業所,,,,
N,生活関連サービス業，娯楽業,80,娯楽業,801,801,映画館,,,,
N,生活関連サービス業，娯楽業,80,娯楽業,802,802,興行場（別掲を除く），興行団,,,,
N,生活関連サービス業，娯楽業,80,娯楽業,803,803,競輪・競馬等の競走場，競技団,,,,
N,生活関連サービス業，娯楽業,80,娯楽業,804,804,スポーツ施設提供業,,,,
N,生活関連サービス業，娯楽業,80,娯楽業,804,80A,スポーツ施設提供業（別掲を除く）,,,,
N,生活関連サービス業，娯楽業,80,娯楽業,804,80B,体育館,,,,
N,生活関連サービス業，娯楽業,80,娯楽業,804,80C,ゴルフ場,,,,
N,生活関連サービス業，娯楽業,80,娯楽業,804,80D,ゴルフ練習場,,,,
N,生活関連サービス業，娯楽業,80,娯楽業,804,80E,ボウリング場,,,,
N,生活関連サービス業，娯楽業,80,娯楽業,804,80F,テニス場,,,,
N,生活関連サービス業，娯楽業,80,娯楽業,804,80G,バッティング・テニス練習場,,,,
N,生活関連サービス業，娯楽業,80,娯楽業,804,80H,フィットネスクラブ,,,,
N,生活関連サービス業，娯楽業,80,娯楽業,805,805,公園，遊園地,,,,
N,生活関連サービス業，娯楽業,80,娯楽業,806,806,遊戯場,,,,
N,生活関連サービス業，娯楽業,80,娯楽業,806,80J,マージャンクラブ,,,,
N,生活関連サービス業，娯楽業,80,娯楽業,806,80K,パチンコホール,,,,
N,生活関連サービス業，娯楽業,80,娯楽業,806,80L,ゲームセンター,,,,
N,生活関連サービス業，娯楽業,80,娯楽業,806,80M,その他の遊戯場,,,,
N,生活関連サービス業，娯楽業,80,娯楽業,809,809,その他の娯楽業,,,,
N,生活関連サービス業，娯楽業,80,娯楽業,809,80N,カラオケボックス業,,,,
N,生活関連サービス業，娯楽業,80,娯楽業,809,80Q,娯楽に附帯するサービス業,,,,
N,生活関連サービス業，娯楽業,80,娯楽業,809,80R,他に分類されない娯楽業,,,,
O,教育，学習支援業,-,,-,O,教育，学習支援業,,,,
O,教育，学習支援業,81,学校教育,-,81,学校教育,,,,
O,教育，学習支援業,81,学校教育,810,810,管理，補助的経済活動を行う事業所,,,,
O,教育，学習支援業,81,学校教育,811,811,幼稚園,,,,
O,教育，学習支援業,81,学校教育,812,812,小学校,,,,
O,教育，学習支援業,81,学校教育,813,813,中学校,,,,
O,教育，学習支援業,81,学校教育,814,814,高等学校，中等教育学校,,,,
O,教育，学習支援業,81,学校教育,815,815,特別支援学校,,,,
O,教育，学習支援業,81,学校教育,816,816,高等教育機関,,,,
O,教育，学習支援業,81,学校教育,817,817,専修学校，各種学校,,,,
O,教育，学習支援業,81,学校教育,817,81A,専修学校,,,,
O,教育，学習支援業,81,学校教育,817,81B,各種学校,,,,
O,教育，学習支援業,81,学校教育,818,818,学校教育支援機関,,,,
O,教育，学習支援業,81,学校教育,819,819,幼保連携型認定こども園,,,,
O,教育，学習支援業,82,その他の教育，学習支援業,-,82,その他の教育，学習支援業,,,,
O,教育，学習支援業,82,その他の教育，学習支援業,820,820,管理，補助的経済活動を行う事業所,,,,
O,教育，学習支援業,82,その他の教育，学習支援業,821,821,社会教育,,,,
O,教育，学習支援業,82,その他の教育，学習支援業,821,82A,公民館,,,,
O,教育，学習支援業,82,その他の教育，学習支援業,821,82B,図書館,,,,
O,教育，学習支援業,82,その他の教育，学習支援業,821,82C,博物館，美術館,,,,
O,教育，学習支援業,82,その他の教育，学習支援業,821,82D,動物園，植物園，水族館,,,,
O,教育，学習支援業,82,その他の教育，学習支援業,821,82N,社会通信教育,,,,
O,教育，学習支援業,82,その他の教育，学習支援業,821,82P,その他の社会教育,,,,
O,教育，学習支援業,82,その他の教育，学習支援業,822,822,職業・教育支援施設,,,,
O,教育，学習支援業,82,その他の教育，学習支援業,823,823,学習塾,,,,
O,教育，学習支援業,82,その他の教育，学習支援業,824,824,教養・技能教授業,,,,
O,教育，学習支援業,82,その他の教育，学習支援業,824,82F,音楽教授業,,,,
O,教育，学習支援業,82,その他の教育，学習支援業,824,82G,書道教授業,,,,
O,教育，学習支援業,82,その他の教育，学習支援業,824,82H,生花・茶道教授業,,,,
O,教育，学習支援業,82,その他の教育，学習支援業,824,82J,そろばん教授業,,,,
O,教育，学習支援業,82,その他の教育，学習支援業,824,82K,外国語会話教授業,,,,
O,教育，学習支援業,82,その他の教育，学習支援業,824,82L,スポーツ・健康教授業,,,,
O,教育，学習支援業,82,その他の教育，学習支援業,824,82M,その他の教養・技能教授業,,,,
O,教育，学習支援業,82,その他の教育，学習支援業,829,829,他に分類されない教育，学習支援業,,,,
P,医療，福祉,-,,-,P,医療，福祉,,,,
P,医療，福祉,83,医療業,-,83,医療業,,,,
P,医療，福祉,83,医療業,830,830,管理，補助的経済活動を行う事業所,,,,
P,医療，福祉,83,医療業,831,831,病院,,,,
P,医療，福祉,83,医療業,832,832,一般診療所,,,,
P,医療，福祉,83,医療業,833,833,歯科診療所,,,,
P,医療，福祉,83,医療業,834,834,助産・看護業,,,,
P,医療，福祉,83,医療業,834,83A,助産所,,,,
P,医療，福祉,83,医療業,834,83B,看護業,,,,
P,医療，福祉,83,医療業,835,835,療術業,,,,
P,医療，福祉,83,医療業,836,836,医療に附帯するサービス業,,,,
P,医療，福祉,83,医療業,836,83C,歯科技工所,,,,
P,医療，福祉,83,医療業,836,83D,その他の医療に附帯するサービス業,,,,
P,医療，福祉,84,保健衛生,-,84,保健衛生,,,,
P,医療，福祉,84,保健衛生,840,840,管理，補助的経済活動を行う事業所,,,,
P,医療，福祉,84,保健衛生,841,841,保健所,,,,
P,医療，福祉,84,保健衛生,842,842,健康相談施設,,,,
P,医療，福祉,84,保健衛生,849,849,その他の保健衛生,,,,
P,医療，福祉,85,社会保険・社会福祉・介護事業,-,85,社会保険・社会福祉・介護事業,,,,
P,医療，福祉,85,社会保険・社会福祉・介護事業,850,850,管理，補助的経済活動を行う事業所,,,,
P,医療，福祉,85,社会保険・社会福祉・介護事業,851,851,社会保険事業団体,,,,
P,医療，福祉,84,保健衛生,852,852,福祉事務所,,,,
P,医療，福祉,85,社会保険・社会福祉・介護事業,853,853,児童福祉事業,,,,
P,医療，福祉,85,社会保険・社会福祉・介護事業,853,85A,保育所,,,,
P,医療，福祉,85,社会保険・社会福祉・介護事業,853,85B,その他の児童福祉事業,,,,
P,医療，福祉,85,社会保険・社会福祉・介護事業,854,854,老人福祉・介護事業,,,,
P,医療，福祉,85,社会保険・社会福祉・介護事業,854,85C,特別養護老人ホーム,,,,
P,医療，福祉,85,社会保険・社会福祉・介護事業,854,85D,介護老人保健施設,,,,
P,医療，福祉,85,社会保険・社会福祉・介護事業,854,85E,通所・短期入所介護事業,,,,
P,医療，福祉,85,社会保険・社会福祉・介護事業,854,85F,訪問介護事業,,,,
P,医療，福祉,85,社会保険・社会福祉・介護事業,854,85G,認知症老人グループホーム,,,,
P,医療，福祉,85,社会保険・社会福祉・介護事業,854,85H,有料老人ホーム,,,,
P,医療，福祉,85,社会保険・社会福祉・介護事業,854,85J,その他の老人福祉・介護事業,,,,
P,医療，福祉,85,社会保険・社会福祉・介護事業,855,855,障害者福祉事業,,,,
P,医療，福祉,85,社会保険・社会福祉・介護事業,859,859,その他の社会保険・社会福祉・介護事業,,,,
P,医療，福祉,85,社会保険・社会福祉・介護事業,859,85K,更生保護事業,,,,
P,医療，福祉,85,社会保険・社会福祉・介護事業,859,85L,他に分類されない社会保険・社会福祉・介護事業,,,,
Q,複合サービス事業,-,,-,Q,複合サービス事業,,,,
Q,複合サービス事業,86,郵便局,-,86,郵便局,,,,
Q,複合サービス事業,86,郵便局,860,860,管理，補助的経済活動を行う事業所,,,,
Q,複合サービス事業,86,郵便局,861,861,郵便局,,,,
Q,複合サービス事業,86,郵便局,862,862,郵便局受託業,,,,
Q,複合サービス事業,87,協同組合（他に分類されないもの）,-,87,協同組合（他に分類されないもの）,,,,
Q,複合サービス事業,87,協同組合（他に分類されないもの）,870,870,管理，補助的経済活動を行う事業所,,,,
Q,複合サービス事業,87,協同組合（他に分類されないもの）,871,871,農林水産業協同組合（他に分類されないもの）,,,,
Q,複合サービス事業,87,協同組合（他に分類されないもの）,872,872,事業協同組合（他に分類されないもの）,,,,
R,サービス業（他に分類されないもの）,-,,-,R,サービス業（他に分類されないもの）,,,,
R,サービス業（他に分類されないもの）,88,廃棄物処理業,-,88,廃棄物処理業,,,,
R,サービス業（他に分類されないもの）,88,廃棄物処理業,880,880,管理，補助的経済活動を行う事業所,,,,
R,サービス業（他に分類されないもの）,88,廃棄物処理業,881,881,一般廃棄物処理業,,,,
R,サービス業（他に分類されないもの）,88,廃棄物処理業,882,882,産業廃棄物処理業,,,,
R,サービス業（他に分類されないもの）,88,廃棄物処理業,889,889,その他の廃棄物処理業,,,,
R,サービス業（他に分類されないもの）,89,自動車整備業,-,89,自動車整備業,,,,
R,サービス業（他に分類されないもの）,89,自動車整備業,890,890,管理，補助的経済活動を行う事業所,,,,
R,サービス業（他に分類されないもの）,89,自動車整備業,891,891,自動車整備業,,,,
R,サービス業（他に分類されないもの）,90,機械等修理業（別掲を除く）,-,90,機械等修理業（別掲を除く）,,,,
R,サービス業（他に分類されないもの）,90,機械等修理業（別掲を除く）,900,900,管理，補助的経済活動を行う事業所,,,,
R,サービス業（他に分類されないもの）,90,機械等修理業（別掲を除く）,901,901,機械修理業（電気機械器具を除く）,,,,
R,サービス業（他に分類されないもの）,90,機械等修理業（別掲を除く）,902,902,電気機械器具修理業,,,,
R,サービス業（他に分類されないもの）,90,機械等修理業（別掲を除く）,903,903,表具業,,,,
R,サービス業（他に分類されないもの）,90,機械等修理業（別掲を除く）,909,909,その他の修理業,,,,
R,サービス業（他に分類されないもの）,91,職業紹介・労働者派遣業,-,91,職業紹介・労働者派遣業,,,,
R,サービス業（他に分類されないもの）,91,職業紹介・労働者派遣業,910,910,管理，補助的経済活動を行う事業所,,,,
R,サービス業（他に分類されないもの）,91,職業紹介・労働者派遣業,911,911,職業紹介業,,,,
R,サービス業（他に分類されないもの）,91,職業紹介・労働者派遣業,912,912,労働者派遣業,,,,
R,サービス業（他に分類されないもの）,92,その他の事業サービス業,-,92,その他の事業サービス業,,,,
R,サービス業（他に分類されないもの）,92,その他の事業サービス業,920,920,管理，補助的経済活動を行う事業所,,,,
R,サービス業（他に分類されないもの）,92,その他の事業サービス業,921,921,速記・ワープロ入力・複写業,,,,
R,サービス業（他に分類されないもの）,92,その他の事業サービス業,922,922,建物サービス業,,,,
R,サービス業（他に分類されないもの）,92,その他の事業サービス業,922,92A,ビルメンテナンス業,,,,
R,サービス業（他に分類されないもの）,92,その他の事業サービス業,922,92B,その他の建物サービス業,,,,
R,サービス業（他に分類されないもの）,92,その他の事業サービス業,923,923,警備業,,,,
R,サービス業（他に分類されないもの）,92,その他の事業サービス業,929,929,他に分類されない事業サービス業,,,,
R,サービス業（他に分類されないもの）,93,政治・経済・文化団体,-,93,政治・経済・文化団体,,,,
R,サービス業（他に分類されないもの）,93,政治・経済・文化団体,931,931,経済団体,,,,
R,サービス業（他に分類されないもの）,93,政治・経済・文化団体,932,932,労働団体,,,,
R,サービス業（他に分類されないもの）,93,政治・経済・文化団体,933,933,学術・文化団体,,,,
R,サービス業（他に分類されないもの）,93,政治・経済・文化団体,934,934,政治団体,,,,
R,サービス業（他に分類されないもの）,93,政治・経済・文化団体,939,939,他に分類されない非営利的団体,,,,
R,サービス業（他に分類されないもの）,94,宗教,-,94,宗教,,,,
R,サービス業（他に分類されないもの）,94,宗教,941,941,神道系宗教,,,,
R,サービス業（他に分類されないもの）,94,宗教,942,942,仏教系宗教,,,,
R,サービス業（他に分類されないもの）,94,宗教,943,943,キリスト教系宗教,,,,
R,サービス業（他に分類されないもの）,94,宗教,949,949,その他の宗教,,,,
R,サービス業（他に分類されないもの）,95,その他のサービス業,-,95,その他のサービス業,,,,
R,サービス業（他に分類されないもの）,95,その他のサービス業,950,950,管理，補助的経済活動を行う事業所,,,,
R,サービス業（他に分類されないもの）,95,その他のサービス業,951,951,集会場,,,,
R,サービス業（他に分類されないもの）,95,その他のサービス業,952,952,と畜場,,,,
R,サービス業（他に分類されないもの）,95,その他のサービス業,959,959,他に分類されないサービス業,,,,
S,公務（他に分類されるものを除く）,-,,-,S,公務（他に分類されるものを除く）,,,,
S,公務（他に分類されるものを除く）,97,国家公務,-,97,国家公務,,,,
S,公務（他に分類されるものを除く）,97,国家公務,971,971,立法機関,,,,
S,公務（他に分類されるものを除く）,97,国家公務,972,972,司法機関,,,,
S,公務（他に分類されるものを除く）,97,国家公務,973,973,行政機関,,,,
S,公務（他に分類されるものを除く）,98,地方公務,-,98,地方公務,,,,
S,公務（他に分類されるものを除く）,98,地方公務,981,981,都道府県機関,,,,
S,公務（他に分類されるものを除く）,98,地方公務,982,982,市町村機関,,,,
